,road,vol,speed,last-update-time
8000,公园中路(人民路-河南路),1.0,25.0,2012-11-14  23:58:25 
8001,公园中路(人民路-河南路),4.0,26.0,2012-11-14  23:57:25 
8002,公园中路(人民路-河南路),2.0,35.0,2012-11-14  23:56:25 
8003,公园中路(人民路-河南路),5.0,32.0,2012-11-14  23:55:25 
8004,公园中路(人民路-河南路),,,2012-11-14  23:54:25 
8005,公园中路(人民路-河南路),2.0,32.0,2012-11-14  23:53:25 
8006,公园中路(人民路-河南路),2.0,42.0,2012-11-14  23:52:25 
8007,公园中路(人民路-河南路),2.0,31.0,2012-11-14  23:51:25 
8008,公园中路(人民路-河南路),4.0,36.0,2012-11-14  23:50:25 
8009,公园中路(人民路-河南路),2.0,30.0,2012-11-14  23:49:25 
8010,公园中路(人民路-河南路),2.0,55.0,2012-11-14  23:48:25 
8011,公园中路(人民路-河南路),4.0,34.0,2012-11-14  23:47:24 
8012,公园中路(人民路-河南路),8.0,39.0,2012-11-14  23:46:22 
8013,公园中路(人民路-河南路),3.0,29.0,2012-11-14  23:45:24 
8014,公园中路(人民路-河南路),6.0,32.0,2012-11-14  23:44:24 
8015,公园中路(人民路-河南路),2.0,66.0,2012-11-14  23:43:24 
8016,公园中路(人民路-河南路),5.0,36.0,2012-11-14  23:42:24 
8017,公园中路(人民路-河南路),1.0,49.0,2012-11-14  23:41:24 
8018,公园中路(人民路-河南路),6.0,41.0,2012-11-14  23:40:24 
8019,公园中路(人民路-河南路),2.0,36.0,2012-11-14  23:39:24 
8020,公园中路(人民路-河南路),3.0,29.0,2012-11-14  23:38:24 
8021,公园中路(人民路-河南路),4.0,33.0,2012-11-14  23:37:23 
8022,公园中路(人民路-河南路),4.0,30.0,2012-11-14  23:36:24 
8023,公园中路(人民路-河南路),3.0,26.0,2012-11-14  23:35:23 
8024,公园中路(人民路-河南路),5.0,40.0,2012-11-14  23:34:23 
8025,公园中路(人民路-河南路),3.0,36.0,2012-11-14  23:33:23 
8026,公园中路(人民路-河南路),1.0,49.0,2012-11-14  23:32:23 
8027,公园中路(人民路-河南路),2.0,34.0,2012-11-14  23:31:23 
8028,公园中路(人民路-河南路),4.0,39.0,2012-11-14  23:30:23 
8029,公园中路(人民路-河南路),1.0,50.0,2012-11-14  23:29:23 
8030,公园中路(人民路-河南路),2.0,32.0,2012-11-14  23:28:23 
8031,公园中路(人民路-河南路),1.0,33.0,2012-11-14  23:27:23 
8032,公园中路(人民路-河南路),2.0,50.0,2012-11-14  23:26:23 
8033,公园中路(人民路-河南路),6.0,40.0,2012-11-14  23:25:23 
8034,公园中路(人民路-河南路),,,2012-11-14  23:24:23 
8035,公园中路(人民路-河南路),2.0,81.0,2012-11-14  23:23:22 
8036,公园中路(人民路-河南路),5.0,41.0,2012-11-14  23:22:23 
8037,公园中路(人民路-河南路),6.0,29.0,2012-11-14  23:21:22 
8038,公园中路(人民路-河南路),,,2012-11-14  23:20:22 
8039,公园中路(人民路-河南路),,,2012-11-14  23:19:20 
8040,公园中路(人民路-河南路),2.0,31.0,2012-11-14  23:18:22 
8041,公园中路(人民路-河南路),4.0,36.0,2012-11-14  23:17:22 
8042,公园中路(人民路-河南路),5.0,40.0,2012-11-14  23:16:22 
8043,公园中路(人民路-河南路),3.0,26.0,2012-11-14  23:15:22 
8044,公园中路(人民路-河南路),3.0,47.0,2012-11-14  23:14:22 
8045,公园中路(人民路-河南路),3.0,25.0,2012-11-14  23:13:22 
8046,公园中路(人民路-河南路),2.0,15.0,2012-11-14  23:12:22 
8047,公园中路(人民路-河南路),3.0,36.0,2012-11-14  23:11:21 
8048,公园中路(人民路-河南路),2.0,31.0,2012-11-14  23:10:21 
8049,公园中路(人民路-河南路),3.0,16.0,2012-11-14  23:09:21 
8050,公园中路(人民路-河南路),2.0,29.0,2012-11-14  23:08:21 
8051,公园中路(人民路-河南路),3.0,22.0,2012-11-14  23:07:21 
8052,公园中路(人民路-河南路),2.0,45.0,2012-11-14  23:06:21 
8053,公园中路(人民路-河南路),2.0,32.0,2012-11-14  23:05:21 
8054,公园中路(人民路-河南路),,,2012-11-14  23:04:19 
8055,公园中路(人民路-河南路),1.0,6.0,2012-11-14  23:03:21 
8056,公园中路(人民路-河南路),,,2012-11-14  23:02:21 
8057,公园中路(人民路-河南路),2.0,23.0,2012-11-14  23:01:20 
8058,公园中路(人民路-河南路),6.0,42.0,2012-11-14  23:00:20 
8059,公园中路(人民路-河南路),1.0,45.0,2012-11-14  22:59:20 
8060,公园中路(人民路-河南路),2.0,55.0,2012-11-14  22:58:20 
8061,公园中路(人民路-河南路),3.0,44.0,2012-11-14  22:57:20 
8062,公园中路(人民路-河南路),5.0,47.0,2012-11-14  22:56:20 
8063,公园中路(人民路-河南路),5.0,43.0,2012-11-14  22:55:20 
8064,公园中路(人民路-河南路),2.0,29.0,2012-11-14  22:54:20 
8065,公园中路(人民路-河南路),3.0,44.0,2012-11-14  22:53:20 
8066,公园中路(人民路-河南路),1.0,20.0,2012-11-14  22:52:20 
8067,公园中路(人民路-河南路),3.0,35.0,2012-11-14  22:51:20 
8068,公园中路(人民路-河南路),2.0,13.0,2012-11-14  22:50:18 
8069,公园中路(人民路-河南路),3.0,36.0,2012-11-14  22:49:19 
8070,公园中路(人民路-河南路),2.0,73.0,2012-11-14  22:48:19 
8071,公园中路(人民路-河南路),7.0,105.0,2012-11-14  22:47:19 
8072,公园中路(人民路-河南路),1.0,34.0,2012-11-14  22:46:19 
8073,公园中路(人民路-河南路),1.0,49.0,2012-11-14  22:45:19 
8074,公园中路(人民路-河南路),3.0,53.0,2012-11-14  22:44:19 
8075,公园中路(人民路-河南路),1.0,42.0,2012-11-14  22:43:19 
8076,公园中路(人民路-河南路),4.0,74.0,2012-11-14  22:42:19 
8077,公园中路(人民路-河南路),3.0,29.0,2012-11-14  22:41:19 
8078,公园中路(人民路-河南路),7.0,94.0,2012-11-14  22:40:18 
8079,公园中路(人民路-河南路),3.0,77.0,2012-11-14  22:39:19 
8080,公园中路(人民路-河南路),3.0,68.0,2012-11-14  22:38:18 
8081,公园中路(人民路-河南路),1.0,35.0,2012-11-14  22:37:18 
8082,公园中路(人民路-河南路),7.0,93.0,2012-11-14  22:36:18 
8083,公园中路(人民路-河南路),,,2012-11-14  22:35:18 
8084,公园中路(人民路-河南路),1.0,68.0,2012-11-14  22:34:18 
8085,公园中路(人民路-河南路),2.0,62.0,2012-11-14  22:33:18 
8086,公园中路(人民路-河南路),6.0,38.0,2012-11-14  22:32:18 
8087,公园中路(人民路-河南路),3.0,32.0,2012-11-14  22:31:18 
8088,公园中路(人民路-河南路),6.0,27.0,2012-11-14  22:30:18 
8089,公园中路(人民路-河南路),2.0,25.0,2012-11-14  22:29:17 
8090,公园中路(人民路-河南路),5.0,38.0,2012-11-14  22:29:16 
8091,公园中路(人民路-河南路),,,2012-11-14  22:28:16 
8092,公园中路(人民路-河南路),6.0,69.0,2012-11-14  22:27:16 
8093,公园中路(人民路-河南路),1.0,17.0,2012-11-14  22:26:16 
8094,公园中路(人民路-河南路),9.0,52.0,2012-11-14  22:25:15 
8095,公园中路(人民路-河南路),1.0,16.0,2012-11-14  22:24:15 
8096,公园中路(人民路-河南路),6.0,66.0,2012-11-14  22:23:15 
8097,公园中路(人民路-河南路),4.0,50.0,2012-11-14  22:22:15 
8098,公园中路(人民路-河南路),9.0,49.0,2012-11-14  22:21:15 
8099,公园中路(人民路-河南路),1.0,51.0,2012-11-14  22:20:15 
8100,公园中路(人民路-河南路),2.0,42.0,2012-11-14  22:19:15 
8101,公园中路(人民路-河南路),2.0,47.0,2012-11-14  22:18:15 
8102,公园中路(人民路-河南路),5.0,44.0,2012-11-14  22:17:15 
8103,公园中路(人民路-河南路),4.0,77.0,2012-11-14  22:16:15 
8104,公园中路(人民路-河南路),5.0,41.0,2012-11-14  22:15:15 
8105,公园中路(人民路-河南路),6.0,73.0,2012-11-14  22:14:15 
8106,公园中路(人民路-河南路),4.0,57.0,2012-11-14  22:13:15 
8107,公园中路(人民路-河南路),10.0,55.0,2012-11-14  22:12:15 
8108,公园中路(人民路-河南路),4.0,50.0,2012-11-14  22:11:14 
8109,公园中路(人民路-河南路),3.0,56.0,2012-11-14  22:10:14 
8110,公园中路(人民路-河南路),4.0,40.0,2012-11-14  22:09:14 
8111,公园中路(人民路-河南路),7.0,53.0,2012-11-14  22:08:14 
8112,公园中路(人民路-河南路),9.0,50.0,2012-11-14  22:07:14 
8113,公园中路(人民路-河南路),3.0,46.0,2012-11-14  22:06:14 
8114,公园中路(人民路-河南路),6.0,77.0,2012-11-14  22:05:14 
8115,公园中路(人民路-河南路),1.0,39.0,2012-11-14  22:04:13 
8116,公园中路(人民路-河南路),5.0,76.0,2012-11-14  22:03:14 
8117,公园中路(人民路-河南路),5.0,73.0,2012-11-14  22:02:13 
8118,公园中路(人民路-河南路),6.0,77.0,2012-11-14  22:01:14 
8119,公园中路(人民路-河南路),3.0,41.0,2012-11-14  22:00:11 
8120,公园中路(人民路-河南路),6.0,50.0,2012-11-14  21:59:13 
8121,公园中路(人民路-河南路),7.0,55.0,2012-11-14  21:58:13 
8122,公园中路(人民路-河南路),5.0,48.0,2012-11-14  21:57:13 
8123,公园中路(人民路-河南路),5.0,39.0,2012-11-14  21:56:13 
8124,公园中路(人民路-河南路),1.0,49.0,2012-11-14  21:55:13 
8125,公园中路(人民路-河南路),3.0,38.0,2012-11-14  21:54:13 
8126,公园中路(人民路-河南路),7.0,24.0,2012-11-14  21:53:13 
8127,公园中路(人民路-河南路),5.0,46.0,2012-11-14  21:52:13 
8128,公园中路(人民路-河南路),2.0,22.0,2012-11-14  21:51:12 
8129,公园中路(人民路-河南路),4.0,29.0,2012-11-14  21:50:12 
8130,公园中路(人民路-河南路),,,2012-11-14  21:49:12 
8131,公园中路(人民路-河南路),6.0,30.0,2012-11-14  21:48:10 
8132,公园中路(人民路-河南路),4.0,41.0,2012-11-14  21:47:12 
8133,公园中路(人民路-河南路),5.0,33.0,2012-11-14  21:46:12 
8134,公园中路(人民路-河南路),4.0,32.0,2012-11-14  21:45:12 
8135,公园中路(人民路-河南路),1.0,28.0,2012-11-14  21:44:12 
8136,公园中路(人民路-河南路),3.0,34.0,2012-11-14  21:43:12 
8137,公园中路(人民路-河南路),4.0,36.0,2012-11-14  21:42:12 
8138,公园中路(人民路-河南路),4.0,36.0,2012-11-14  21:41:12 
8139,公园中路(人民路-河南路),1.0,28.0,2012-11-14  21:40:12 
8140,公园中路(人民路-河南路),8.0,52.0,2012-11-14  21:39:11 
8141,公园中路(人民路-河南路),2.0,31.0,2012-11-14  21:38:11 
8142,公园中路(人民路-河南路),3.0,30.0,2012-11-14  21:37:11 
8143,公园中路(人民路-河南路),5.0,47.0,2012-11-14  21:36:12 
8144,公园中路(人民路-河南路),10.0,50.0,2012-11-14  21:35:11 
8145,公园中路(人民路-河南路),11.0,46.0,2012-11-14  21:34:09 
8146,公园中路(人民路-河南路),10.0,39.0,2012-11-14  21:33:12 
8147,公园中路(人民路-河南路),6.0,66.0,2012-11-14  21:32:11 
8148,公园中路(人民路-河南路),9.0,53.0,2012-11-14  21:31:11 
8149,公园中路(人民路-河南路),6.0,49.0,2012-11-14  21:30:11 
8150,公园中路(人民路-河南路),6.0,65.0,2012-11-14  21:29:11 
8151,公园中路(人民路-河南路),10.0,61.0,2012-11-14  21:28:08 
8152,公园中路(人民路-河南路),2.0,32.0,2012-11-14  21:27:10 
8153,公园中路(人民路-河南路),7.0,65.0,2012-11-14  21:26:10 
8154,公园中路(人民路-河南路),1.0,41.0,2012-11-14  21:25:10 
8155,公园中路(人民路-河南路),5.0,32.0,2012-11-14  21:24:10 
8156,公园中路(人民路-河南路),6.0,73.0,2012-11-14  21:23:10 
8157,公园中路(人民路-河南路),7.0,43.0,2012-11-14  21:22:10 
8158,公园中路(人民路-河南路),3.0,58.0,2012-11-14  21:21:10 
8159,公园中路(人民路-河南路),11.0,58.0,2012-11-14  21:20:09 
8160,公园中路(人民路-河南路),2.0,32.0,2012-11-14  21:19:09 
8161,公园中路(人民路-河南路),3.0,37.0,2012-11-14  21:18:10 
8162,公园中路(人民路-河南路),6.0,73.0,2012-11-14  21:17:09 
8163,公园中路(人民路-河南路),2.0,62.0,2012-11-14  21:16:09 
8164,公园中路(人民路-河南路),8.0,62.0,2012-11-14  21:15:07 
8165,公园中路(人民路-河南路),12.0,46.0,2012-11-14  21:11:09 
8166,公园中路(人民路-河南路),2.0,23.0,2012-11-14  21:10:09 
8167,公园中路(人民路-河南路),4.0,73.0,2012-11-14  21:09:09 
8168,公园中路(人民路-河南路),9.0,40.0,2012-11-14  21:08:09 
8169,公园中路(人民路-河南路),5.0,26.0,2012-11-14  21:07:09 
8170,公园中路(人民路-河南路),3.0,40.0,2012-11-14  21:06:09 
8171,公园中路(人民路-河南路),5.0,58.0,2012-11-14  21:05:08 
8172,公园中路(人民路-河南路),5.0,68.0,2012-11-14  21:04:08 
8173,公园中路(人民路-河南路),6.0,61.0,2012-11-14  21:03:08 
8174,公园中路(人民路-河南路),10.0,53.0,2012-11-14  21:02:08 
8175,公园中路(人民路-河南路),1.0,19.0,2012-11-14  21:01:08 
8176,公园中路(人民路-河南路),9.0,56.0,2012-11-14  21:00:08 
8177,公园中路(人民路-河南路),3.0,27.0,2012-11-14  20:59:08 
8178,公园中路(人民路-河南路),9.0,34.0,2012-11-14  20:58:08 
8179,公园中路(人民路-河南路),9.0,61.0,2012-11-14  20:49:05 
8180,公园中路(人民路-河南路),3.0,48.0,2012-11-14  20:48:05 
8181,公园中路(人民路-河南路),7.0,25.0,2012-11-14  20:47:05 
8182,公园中路(人民路-河南路),9.0,67.0,2012-11-14  20:46:05 
8183,公园中路(人民路-河南路),6.0,40.0,2012-11-14  20:42:04 
8184,公园中路(人民路-河南路),4.0,33.0,2012-11-14  20:31:06 
8185,公园中路(人民路-河南路),6.0,53.0,2012-11-14  20:30:05 
8186,公园中路(人民路-河南路),13.0,55.0,2012-11-14  20:29:05 
8187,公园中路(人民路-河南路),4.0,61.0,2012-11-14  20:28:05 
8188,公园中路(人民路-河南路),11.0,27.0,2012-11-14  20:27:05 
8189,公园中路(人民路-河南路),5.0,54.0,2012-11-14  20:26:05 
8190,公园中路(人民路-河南路),8.0,27.0,2012-11-14  20:25:05 
8191,公园中路(人民路-河南路),13.0,58.0,2012-11-14  20:23:03 
8192,公园中路(人民路-河南路),9.0,57.0,2012-11-14  20:22:04 
8193,公园中路(人民路-河南路),8.0,39.0,2012-11-14  20:21:04 
8194,公园中路(人民路-河南路),10.0,45.0,2012-11-14  20:20:04 
8195,公园中路(人民路-河南路),3.0,30.0,2012-11-14  20:19:04 
8196,公园中路(人民路-河南路),11.0,53.0,2012-11-14  20:18:04 
8197,公园中路(人民路-河南路),3.0,44.0,2012-11-14  20:17:04 
8198,公园中路(人民路-河南路),13.0,70.0,2012-11-14  20:16:04 
8199,公园中路(人民路-河南路),7.0,54.0,2012-11-14  20:15:04 
8200,公园中路(人民路-河南路),11.0,59.0,2012-11-14  20:14:04 
8201,公园中路(人民路-河南路),5.0,36.0,2012-11-14  20:13:04 
8202,公园中路(人民路-河南路),12.0,46.0,2012-11-14  20:12:04 
8203,公园中路(人民路-河南路),5.0,21.0,2012-11-14  20:11:03 
8204,公园中路(人民路-河南路),6.0,28.0,2012-11-14  20:10:04 
8205,公园中路(人民路-河南路),5.0,41.0,2012-11-14  20:09:03 
8206,公园中路(人民路-河南路),6.0,19.0,2012-11-14  20:08:03 
8207,公园中路(人民路-河南路),10.0,33.0,2012-11-14  20:07:03 
8208,公园中路(人民路-河南路),4.0,44.0,2012-11-14  20:06:01 
8209,公园中路(人民路-河南路),10.0,32.0,2012-11-14  20:05:03 
8210,公园中路(人民路-河南路),7.0,54.0,2012-11-14  20:04:03 
8211,公园中路(人民路-河南路),9.0,33.0,2012-11-14  20:03:03 
8212,公园中路(人民路-河南路),3.0,25.0,2012-11-14  20:02:03 
8213,公园中路(人民路-河南路),7.0,29.0,2012-11-14  20:01:03 
8214,公园中路(人民路-河南路),5.0,45.0,2012-11-14  20:00:03 
8215,公园中路(人民路-河南路),13.0,25.0,2012-11-14  19:59:03 
8216,公园中路(人民路-河南路),5.0,21.0,2012-11-14  19:58:02 
8217,公园中路(人民路-河南路),8.0,30.0,2012-11-14  19:57:02 
8218,公园中路(人民路-河南路),3.0,47.0,2012-11-14  19:56:00 
8219,公园中路(人民路-河南路),9.0,25.0,2012-11-14  19:55:02 
8220,公园中路(人民路-河南路),10.0,32.0,2012-11-14  19:54:02 
8221,公园中路(人民路-河南路),5.0,20.0,2012-11-14  19:53:02 
8222,公园中路(人民路-河南路),7.0,37.0,2012-11-14  19:52:02 
8223,公园中路(人民路-河南路),5.0,27.0,2012-11-14  19:51:02 
8224,公园中路(人民路-河南路),7.0,27.0,2012-11-14  19:50:02 
8225,公园中路(人民路-河南路),7.0,40.0,2012-11-14  19:49:02 
8226,公园中路(人民路-河南路),9.0,36.0,2012-11-14  19:48:02 
8227,公园中路(人民路-河南路),6.0,56.0,2012-11-14  19:47:01 
8228,公园中路(人民路-河南路),7.0,39.0,2012-11-14  19:46:01 
8229,公园中路(人民路-河南路),10.0,22.0,2012-11-14  19:44:59 
8230,公园中路(人民路-河南路),7.0,27.0,2012-11-14  19:44:01 
8231,公园中路(人民路-河南路),13.0,25.0,2012-11-14  19:42:59 
8232,公园中路(人民路-河南路),5.0,37.0,2012-11-14  19:42:01 
8233,公园中路(人民路-河南路),9.0,35.0,2012-11-14  19:41:01 
8234,公园中路(人民路-河南路),11.0,24.0,2012-11-14  19:40:01 
8235,公园中路(人民路-河南路),7.0,31.0,2012-11-14  19:39:01 
8236,公园中路(人民路-河南路),5.0,25.0,2012-11-14  19:38:01 
8237,公园中路(人民路-河南路),7.0,25.0,2012-11-14  19:37:00 
8238,公园中路(人民路-河南路),7.0,22.0,2012-11-14  19:36:01 
8239,公园中路(人民路-河南路),6.0,23.0,2012-11-14  19:35:01 
8240,公园中路(人民路-河南路),5.0,29.0,2012-11-14  19:34:00 
8241,公园中路(人民路-河南路),7.0,18.0,2012-11-14  19:33:00 
8242,公园中路(人民路-河南路),12.0,23.0,2012-11-14  19:32:00 
8243,公园中路(人民路-河南路),6.0,24.0,2012-11-14  19:31:00 
8244,公园中路(人民路-河南路),14.0,21.0,2012-11-14  19:30:00 
8245,公园中路(人民路-河南路),7.0,27.0,2012-11-14  19:29:00 
8246,公园中路(人民路-河南路),6.0,24.0,2012-11-14  19:27:58 
8247,公园中路(人民路-河南路),6.0,25.0,2012-11-14  19:27:00 
8248,公园中路(人民路-河南路),10.0,18.0,2012-11-14  19:26:00 
8249,公园中路(人民路-河南路),5.0,11.0,2012-11-14  19:25:00 
8250,公园中路(人民路-河南路),5.0,29.0,2012-11-14  19:23:59 
8251,公园中路(人民路-河南路),7.0,19.0,2012-11-14  19:22:59 
8252,公园中路(人民路-河南路),6.0,28.0,2012-11-14  19:21:59 
8253,公园中路(人民路-河南路),7.0,25.0,2012-11-14  19:20:59 
8254,公园中路(人民路-河南路),8.0,21.0,2012-11-14  19:19:59 
8255,公园中路(人民路-河南路),5.0,38.0,2012-11-14  19:18:59 
8256,公园中路(人民路-河南路),10.0,52.0,2012-11-14  19:17:59 
8257,公园中路(人民路-河南路),8.0,53.0,2012-11-14  19:16:59 
8258,公园中路(人民路-河南路),6.0,42.0,2012-11-14  19:15:59 
8259,公园中路(人民路-河南路),9.0,32.0,2012-11-14  19:14:59 
8260,公园中路(人民路-河南路),6.0,50.0,2012-11-14  19:13:59 
8261,公园中路(人民路-河南路),15.0,39.0,2012-11-14  19:12:59 
8262,公园中路(人民路-河南路),6.0,53.0,2012-11-14  19:11:58 
8263,公园中路(人民路-河南路),9.0,42.0,2012-11-14  19:10:58 
8264,公园中路(人民路-河南路),8.0,55.0,2012-11-14  19:09:58 
8265,公园中路(人民路-河南路),3.0,49.0,2012-11-14  19:08:58 
8266,公园中路(人民路-河南路),12.0,65.0,2012-11-14  19:07:58 
8267,公园中路(人民路-河南路),6.0,31.0,2012-11-14  19:06:58 
8268,公园中路(人民路-河南路),10.0,19.0,2012-11-14  19:05:56 
8269,公园中路(人民路-河南路),8.0,19.0,2012-11-14  19:04:58 
8270,公园中路(人民路-河南路),9.0,14.0,2012-11-14  19:03:58 
8271,公园中路(人民路-河南路),1.0,19.0,2012-11-14  19:02:58 
8272,公园中路(人民路-河南路),12.0,21.0,2012-11-14  19:01:57 
8273,公园中路(人民路-河南路),6.0,23.0,2012-11-14  19:00:57 
8274,公园中路(人民路-河南路),14.0,21.0,2012-11-14  18:59:55 
8275,公园中路(人民路-河南路),4.0,38.0,2012-11-14  18:58:57 
8276,公园中路(人民路-河南路),9.0,20.0,2012-11-14  18:57:58 
8277,公园中路(人民路-河南路),8.0,25.0,2012-11-14  18:56:57 
8278,公园中路(人民路-河南路),5.0,19.0,2012-11-14  18:55:57 
8279,公园中路(人民路-河南路),11.0,18.0,2012-11-14  18:54:57 
8280,公园中路(人民路-河南路),2.0,17.0,2012-11-14  18:53:57 
8281,公园中路(人民路-河南路),12.0,55.0,2012-11-14  18:52:57 
8282,公园中路(人民路-河南路),4.0,22.0,2012-11-14  18:51:57 
8283,公园中路(人民路-河南路),12.0,31.0,2012-11-14  18:50:57 
8284,公园中路(人民路-河南路),4.0,24.0,2012-11-14  18:49:56 
8285,公园中路(人民路-河南路),5.0,26.0,2012-11-14  18:48:54 
8286,公园中路(人民路-河南路),9.0,38.0,2012-11-14  18:44:56 
8287,公园中路(人民路-河南路),9.0,21.0,2012-11-14  18:43:56 
8288,公园中路(人民路-河南路),4.0,16.0,2012-11-14  18:42:56 
8289,公园中路(人民路-河南路),13.0,29.0,2012-11-14  18:41:56 
8290,公园中路(人民路-河南路),12.0,20.0,2012-11-14  18:40:55 
8291,公园中路(人民路-河南路),5.0,24.0,2012-11-14  18:39:56 
8292,公园中路(人民路-河南路),8.0,17.0,2012-11-14  18:38:56 
8293,公园中路(人民路-河南路),6.0,25.0,2012-11-14  18:37:53 
8294,公园中路(人民路-河南路),12.0,41.0,2012-11-14  18:36:53 
8295,公园中路(人民路-河南路),7.0,39.0,2012-11-14  18:35:56 
8296,公园中路(人民路-河南路),8.0,26.0,2012-11-14  18:34:55 
8297,公园中路(人民路-河南路),6.0,30.0,2012-11-14  18:33:55 
8298,公园中路(人民路-河南路),11.0,16.0,2012-11-14  18:32:55 
8299,公园中路(人民路-河南路),10.0,21.0,2012-11-14  18:31:55 
8300,公园中路(人民路-河南路),10.0,24.0,2012-11-14  18:30:55 
8301,公园中路(人民路-河南路),5.0,27.0,2012-11-14  18:29:56 
8302,公园中路(人民路-河南路),7.0,27.0,2012-11-14  18:28:54 
8303,公园中路(人民路-河南路),7.0,27.0,2012-11-14  18:27:54 
8304,公园中路(人民路-河南路),4.0,25.0,2012-11-14  18:26:54 
8305,公园中路(人民路-河南路),3.0,25.0,2012-11-14  18:25:54 
8306,公园中路(人民路-河南路),9.0,24.0,2012-11-14  18:24:54 
8307,公园中路(人民路-河南路),12.0,33.0,2012-11-14  18:23:54 
8308,公园中路(人民路-河南路),7.0,20.0,2012-11-14  18:22:54 
8309,公园中路(人民路-河南路),6.0,31.0,2012-11-14  18:21:55 
8310,公园中路(人民路-河南路),2.0,27.0,2012-11-14  18:20:54 
8311,公园中路(人民路-河南路),6.0,27.0,2012-11-14  18:19:54 
8312,公园中路(人民路-河南路),7.0,27.0,2012-11-14  18:18:53 
8313,公园中路(人民路-河南路),8.0,29.0,2012-11-14  18:17:53 
8314,公园中路(人民路-河南路),3.0,40.0,2012-11-14  18:16:53 
8315,公园中路(人民路-河南路),14.0,42.0,2012-11-14  18:15:53 
8316,公园中路(人民路-河南路),9.0,77.0,2012-11-14  18:14:53 
8317,公园中路(人民路-河南路),7.0,23.0,2012-11-14  18:13:53 
8318,公园中路(人民路-河南路),12.0,29.0,2012-11-14  18:12:53 
8319,公园中路(人民路-河南路),3.0,34.0,2012-11-14  18:11:53 
8320,公园中路(人民路-河南路),13.0,51.0,2012-11-14  18:10:53 
8321,公园中路(人民路-河南路),4.0,33.0,2012-11-14  18:09:53 
8322,公园中路(人民路-河南路),7.0,29.0,2012-11-14  18:08:53 
8323,公园中路(人民路-河南路),6.0,38.0,2012-11-14  18:07:53 
8324,公园中路(人民路-河南路),8.0,37.0,2012-11-14  18:06:53 
8325,公园中路(人民路-河南路),9.0,63.0,2012-11-14  18:05:52 
8326,公园中路(人民路-河南路),7.0,28.0,2012-11-14  18:04:53 
8327,公园中路(人民路-河南路),4.0,32.0,2012-11-14  18:03:52 
8328,公园中路(人民路-河南路),10.0,54.0,2012-11-14  18:02:52 
8329,公园中路(人民路-河南路),7.0,51.0,2012-11-14  18:01:52 
8330,公园中路(人民路-河南路),11.0,49.0,2012-11-14  18:00:52 
8331,公园中路(人民路-河南路),7.0,32.0,2012-11-14  17:59:52 
8332,公园中路(人民路-河南路),8.0,51.0,2012-11-14  17:58:52 
8333,公园中路(人民路-河南路),13.0,40.0,2012-11-14  17:57:52 
8334,公园中路(人民路-河南路),10.0,47.0,2012-11-14  17:56:52 
8335,公园中路(人民路-河南路),10.0,48.0,2012-11-14  17:55:51 
8336,公园中路(人民路-河南路),16.0,44.0,2012-11-14  17:54:51 
8337,公园中路(人民路-河南路),12.0,44.0,2012-11-14  17:53:51 
8338,公园中路(人民路-河南路),5.0,37.0,2012-11-14  17:52:51 
8339,公园中路(人民路-河南路),19.0,47.0,2012-11-14  17:51:51 
8340,公园中路(人民路-河南路),15.0,43.0,2012-11-14  17:50:51 
8341,公园中路(人民路-河南路),13.0,44.0,2012-11-14  17:49:51 
8342,公园中路(人民路-河南路),13.0,35.0,2012-11-14  17:48:51 
8343,公园中路(人民路-河南路),15.0,33.0,2012-11-14  17:47:51 
8344,公园中路(人民路-河南路),9.0,26.0,2012-11-14  17:46:51 
8345,公园中路(人民路-河南路),8.0,50.0,2012-11-14  17:45:51 
8346,公园中路(人民路-河南路),17.0,34.0,2012-11-14  17:44:51 
8347,公园中路(人民路-河南路),6.0,8.0,2012-11-14  17:43:50 
8348,公园中路(人民路-河南路),11.0,18.0,2012-11-14  17:42:51 
8349,公园中路(人民路-河南路),11.0,20.0,2012-11-14  17:41:51 
8350,公园中路(人民路-河南路),7.0,42.0,2012-11-14  17:40:50 
8351,公园中路(人民路-河南路),6.0,43.0,2012-11-14  17:39:50 
8352,公园中路(人民路-河南路),11.0,33.0,2012-11-14  17:38:50 
8353,公园中路(人民路-河南路),8.0,16.0,2012-11-14  17:37:50 
8354,公园中路(人民路-河南路),4.0,13.0,2012-11-14  17:36:50 
8355,公园中路(人民路-河南路),,,2012-11-14  17:35:48 
8356,公园中路(人民路-河南路),1.0,12.0,2012-11-14  17:34:50 
8357,公园中路(人民路-河南路),,,2012-11-14  17:33:50 
8358,公园中路(人民路-河南路),1.0,2.0,2012-11-14  17:32:50 
8359,公园中路(人民路-河南路),4.0,23.0,2012-11-14  17:31:50 
8360,公园中路(人民路-河南路),5.0,25.0,2012-11-14  17:30:49 
8361,公园中路(人民路-河南路),14.0,32.0,2012-11-14  17:29:49 
8362,公园中路(人民路-河南路),7.0,15.0,2012-11-14  17:28:49 
8363,公园中路(人民路-河南路),12.0,19.0,2012-11-14  17:27:49 
8364,公园中路(人民路-河南路),16.0,34.0,2012-11-14  17:26:49 
8365,公园中路(人民路-河南路),7.0,41.0,2012-11-14  17:25:49 
8366,公园中路(人民路-河南路),,,2012-11-14  17:24:47 
8367,公园中路(人民路-河南路),,,2012-11-14  17:23:49 
8368,公园中路(人民路-河南路),,,2012-11-14  17:22:49 
8369,公园中路(人民路-河南路),,,2012-11-14  17:21:50 
8370,公园中路(人民路-河南路),,,2012-11-14  17:20:49 
8371,公园中路(人民路-河南路),8.0,11.0,2012-11-14  17:19:46 
8372,公园中路(人民路-河南路),10.0,43.0,2012-11-14  17:18:48 
8373,公园中路(人民路-河南路),10.0,62.0,2012-11-14  17:17:46 
8374,公园中路(人民路-河南路),12.0,37.0,2012-11-14  17:16:48 
8375,公园中路(人民路-河南路),7.0,33.0,2012-11-14  17:15:48 
8376,公园中路(人民路-河南路),6.0,9.0,2012-11-14  17:14:48 
8377,公园中路(人民路-河南路),,,2012-11-14  17:13:48 
8378,公园中路(人民路-河南路),6.0,11.0,2012-11-14  17:12:48 
8379,公园中路(人民路-河南路),7.0,18.0,2012-11-14  17:11:48 
8380,公园中路(人民路-河南路),10.0,11.0,2012-11-14  17:10:48 
8381,公园中路(人民路-河南路),10.0,17.0,2012-11-14  17:09:48 
8382,公园中路(人民路-河南路),15.0,19.0,2012-11-14  17:08:47 
8383,公园中路(人民路-河南路),11.0,31.0,2012-11-14  17:07:48 
8384,公园中路(人民路-河南路),11.0,39.0,2012-11-14  17:06:47 
8385,公园中路(人民路-河南路),12.0,42.0,2012-11-14  17:05:45 
8386,公园中路(人民路-河南路),10.0,42.0,2012-11-14  17:04:47 
8387,公园中路(人民路-河南路),14.0,41.0,2012-11-14  17:03:47 
8388,公园中路(人民路-河南路),12.0,41.0,2012-11-14  17:02:47 
8389,公园中路(人民路-河南路),11.0,39.0,2012-11-14  17:01:47 
8390,公园中路(人民路-河南路),13.0,46.0,2012-11-14  17:00:47 
8391,公园中路(人民路-河南路),10.0,53.0,2012-11-14  16:59:47 
8392,公园中路(人民路-河南路),15.0,48.0,2012-11-14  16:58:47 
8393,公园中路(人民路-河南路),12.0,53.0,2012-11-14  16:57:46 
8394,公园中路(人民路-河南路),15.0,52.0,2012-11-14  16:56:46 
8395,公园中路(人民路-河南路),9.0,37.0,2012-11-14  16:55:46 
8396,公园中路(人民路-河南路),14.0,49.0,2012-11-14  16:54:44 
8397,公园中路(人民路-河南路),11.0,66.0,2012-11-14  16:52:46 
8398,公园中路(人民路-河南路),8.0,62.0,2012-11-14  16:51:46 
8399,公园中路(人民路-河南路),13.0,49.0,2012-11-14  16:50:46 
8400,公园中路(人民路-河南路),14.0,53.0,2012-11-14  16:49:46 
8401,公园中路(人民路-河南路),7.0,29.0,2012-11-14  16:48:46 
8402,公园中路(人民路-河南路),10.0,60.0,2012-11-14  16:47:45 
8403,公园中路(人民路-河南路),9.0,48.0,2012-11-14  16:46:45 
8404,公园中路(人民路-河南路),11.0,55.0,2012-11-14  16:45:45 
8405,公园中路(人民路-河南路),11.0,56.0,2012-11-14  16:44:45 
8406,公园中路(人民路-河南路),12.0,43.0,2012-11-14  16:43:45 
8407,公园中路(人民路-河南路),8.0,31.0,2012-11-14  16:42:43 
8408,公园中路(人民路-河南路),9.0,45.0,2012-11-14  16:41:46 
8409,公园中路(人民路-河南路),15.0,68.0,2012-11-14  16:40:45 
8410,公园中路(人民路-河南路),5.0,57.0,2012-11-14  16:39:45 
8411,公园中路(人民路-河南路),19.0,50.0,2012-11-14  16:38:45 
8412,公园中路(人民路-河南路),13.0,59.0,2012-11-14  16:37:45 
8413,公园中路(人民路-河南路),22.0,67.0,2012-11-14  16:36:45 
8414,公园中路(人民路-河南路),8.0,44.0,2012-11-14  16:35:45 
8415,公园中路(人民路-河南路),10.0,49.0,2012-11-14  16:34:44 
8416,公园中路(人民路-河南路),9.0,64.0,2012-11-14  16:33:45 
8417,公园中路(人民路-河南路),10.0,42.0,2012-11-14  16:32:44 
8418,公园中路(人民路-河南路),9.0,62.0,2012-11-14  16:31:44 
8419,公园中路(人民路-河南路),12.0,26.0,2012-11-14  16:30:44 
8420,公园中路(人民路-河南路),15.0,65.0,2012-11-14  16:29:44 
8421,公园中路(人民路-河南路),16.0,47.0,2012-11-14  16:28:44 
8422,公园中路(人民路-河南路),9.0,48.0,2012-11-14  16:27:44 
8423,公园中路(人民路-河南路),10.0,61.0,2012-11-14  16:26:44 
8424,公园中路(人民路-河南路),11.0,56.0,2012-11-14  16:25:45 
8425,公园中路(人民路-河南路),8.0,55.0,2012-11-14  16:24:43 
8426,公园中路(人民路-河南路),6.0,55.0,2012-11-14  16:23:44 
8427,公园中路(人民路-河南路),3.0,64.0,2012-11-14  16:22:43 
8428,公园中路(人民路-河南路),17.0,81.0,2012-11-14  16:21:43 
8429,公园中路(人民路-河南路),8.0,52.0,2012-11-14  16:20:43 
8430,公园中路(人民路-河南路),10.0,46.0,2012-11-14  16:19:43 
8431,公园中路(人民路-河南路),10.0,64.0,2012-11-14  16:18:44 
8432,公园中路(人民路-河南路),12.0,47.0,2012-11-14  16:17:43 
8433,公园中路(人民路-河南路),20.0,52.0,2012-11-14  16:16:43 
8434,公园中路(人民路-河南路),10.0,47.0,2012-11-14  16:15:43 
8435,公园中路(人民路-河南路),12.0,69.0,2012-11-14  16:14:43 
8436,公园中路(人民路-河南路),15.0,52.0,2012-11-14  16:13:43 
8437,公园中路(人民路-河南路),10.0,64.0,2012-11-14  16:12:42 
8438,公园中路(人民路-河南路),5.0,54.0,2012-11-14  16:11:43 
8439,公园中路(人民路-河南路),14.0,65.0,2012-11-14  16:08:42 
8440,公园中路(人民路-河南路),11.0,56.0,2012-11-14  16:07:42 
8441,公园中路(人民路-河南路),9.0,64.0,2012-11-14  16:06:42 
8442,公园中路(人民路-河南路),10.0,68.0,2012-11-14  16:05:40 
8443,公园中路(人民路-河南路),7.0,53.0,2012-11-14  16:05:31 
8444,公园中路(人民路-河南路),9.0,57.0,2012-11-14  16:05:31 
8445,公园中路(人民路-河南路),7.0,59.0,2012-11-14  16:05:18 
8446,公园中路(人民路-河南路),9.0,74.0,2012-11-14  16:04:37 
8447,公园中路(人民路-河南路),5.0,39.0,2012-11-14  15:59:41 
8448,公园中路(人民路-河南路),9.0,71.0,2012-11-14  15:58:41 
8449,公园中路(人民路-河南路),12.0,47.0,2012-11-14  15:57:41 
8450,公园中路(人民路-河南路),11.0,58.0,2012-11-14  15:56:41 
8451,公园中路(人民路-河南路),12.0,41.0,2012-11-14  15:55:41 
8452,公园中路(人民路-河南路),6.0,69.0,2012-11-14  15:54:41 
8453,公园中路(人民路-河南路),14.0,37.0,2012-11-14  15:53:41 
8454,公园中路(人民路-河南路),7.0,34.0,2012-11-14  15:52:41 
8455,公园中路(人民路-河南路),5.0,26.0,2012-11-14  15:51:40 
8456,公园中路(人民路-河南路),9.0,27.0,2012-11-14  15:50:41 
8457,公园中路(人民路-河南路),8.0,22.0,2012-11-14  15:49:40 
8458,公园中路(人民路-河南路),11.0,49.0,2012-11-14  15:48:40 
8459,公园中路(人民路-河南路),9.0,73.0,2012-11-14  15:47:40 
8460,公园中路(人民路-河南路),9.0,29.0,2012-11-14  15:46:38 
8461,公园中路(人民路-河南路),7.0,54.0,2012-11-14  15:21:38 
8462,公园中路(人民路-河南路),4.0,37.0,2012-11-14  15:20:38 
8463,公园中路(人民路-河南路),12.0,49.0,2012-11-14  15:19:38 
8464,公园中路(人民路-河南路),10.0,64.0,2012-11-14  15:18:38 
8465,公园中路(人民路-河南路),15.0,47.0,2012-11-14  15:17:37 
8466,公园中路(人民路-河南路),5.0,40.0,2012-11-14  15:16:37 
8467,公园中路(人民路-河南路),9.0,28.0,2012-11-14  15:15:37 
8468,公园中路(人民路-河南路),5.0,32.0,2012-11-14  15:14:38 
8469,公园中路(人民路-河南路),10.0,66.0,2012-11-14  15:13:35 
8470,公园中路(人民路-河南路),11.0,25.0,2012-11-14  15:12:37 
8471,公园中路(人民路-河南路),12.0,25.0,2012-11-14  15:11:35 
8472,公园中路(人民路-河南路),7.0,28.0,2012-11-14  15:06:37 
8473,公园中路(人民路-河南路),7.0,24.0,2012-11-14  15:05:34 
8474,公园中路(人民路-河南路),9.0,26.0,2012-11-14  15:04:36 
8475,公园中路(人民路-河南路),8.0,22.0,2012-11-14  15:03:36 
8476,公园中路(人民路-河南路),8.0,30.0,2012-11-14  15:02:36 
8477,公园中路(人民路-河南路),4.0,19.0,2012-11-14  15:01:36 
8478,公园中路(人民路-河南路),7.0,24.0,2012-11-14  15:00:36 
8479,公园中路(人民路-河南路),7.0,36.0,2012-11-14  14:59:36 
8480,公园中路(人民路-河南路),8.0,23.0,2012-11-14  14:58:36 
8481,公园中路(人民路-河南路),9.0,33.0,2012-11-14  14:57:36 
8482,公园中路(人民路-河南路),7.0,23.0,2012-11-14  14:56:36 
8483,公园中路(人民路-河南路),11.0,19.0,2012-11-14  14:55:35 
8484,公园中路(人民路-河南路),8.0,29.0,2012-11-14  14:54:35 
8485,公园中路(人民路-河南路),11.0,30.0,2012-11-14  14:53:36 
8486,公园中路(人民路-河南路),6.0,31.0,2012-11-14  14:52:35 
8487,公园中路(人民路-河南路),13.0,25.0,2012-11-14  14:51:35 
8488,公园中路(人民路-河南路),9.0,27.0,2012-11-14  14:50:35 
8489,公园中路(人民路-河南路),7.0,22.0,2012-11-14  14:49:35 
8490,公园中路(人民路-河南路),6.0,30.0,2012-11-14  14:48:35 
8491,公园中路(人民路-河南路),7.0,29.0,2012-11-14  14:47:35 
8492,公园中路(人民路-河南路),8.0,34.0,2012-11-14  14:46:35 
8493,公园中路(人民路-河南路),7.0,36.0,2012-11-14  14:45:35 
8494,公园中路(人民路-河南路),7.0,33.0,2012-11-14  14:44:35 
8495,公园中路(人民路-河南路),6.0,17.0,2012-11-14  14:43:35 
8496,公园中路(人民路-河南路),10.0,25.0,2012-11-14  14:42:35 
8497,公园中路(人民路-河南路),7.0,25.0,2012-11-14  14:41:34 
8498,公园中路(人民路-河南路),12.0,24.0,2012-11-14  14:40:34 
8499,公园中路(人民路-河南路),3.0,46.0,2012-11-14  14:39:34 
8500,公园中路(人民路-河南路),6.0,27.0,2012-11-14  14:38:34 
8501,公园中路(人民路-河南路),10.0,26.0,2012-11-14  14:37:34 
8502,公园中路(人民路-河南路),4.0,29.0,2012-11-14  14:36:34 
8503,公园中路(人民路-河南路),9.0,29.0,2012-11-14  14:35:34 
8504,公园中路(人民路-河南路),11.0,19.0,2012-11-14  14:34:34 
8505,公园中路(人民路-河南路),12.0,23.0,2012-11-14  14:33:34 
8506,公园中路(人民路-河南路),5.0,20.0,2012-11-14  14:32:33 
8507,公园中路(人民路-河南路),9.0,21.0,2012-11-14  14:31:34 
8508,公园中路(人民路-河南路),2.0,43.0,2012-11-14  14:30:34 
8509,公园中路(人民路-河南路),11.0,31.0,2012-11-14  14:29:33 
8510,公园中路(人民路-河南路),2.0,37.0,2012-11-14  14:28:33 
8511,公园中路(人民路-河南路),13.0,22.0,2012-11-14  14:27:33 
8512,公园中路(人民路-河南路),6.0,22.0,2012-11-14  14:26:33 
8513,公园中路(人民路-河南路),12.0,47.0,2012-11-14  14:25:33 
8514,公园中路(人民路-河南路),4.0,38.0,2012-11-14  14:24:33 
8515,公园中路(人民路-河南路),6.0,56.0,2012-11-14  14:23:33 
8516,公园中路(人民路-河南路),8.0,70.0,2012-11-14  14:22:33 
8517,公园中路(人民路-河南路),7.0,60.0,2012-11-14  14:21:33 
8518,公园中路(人民路-河南路),10.0,76.0,2012-11-14  14:20:33 
8519,公园中路(人民路-河南路),6.0,67.0,2012-11-14  14:19:32 
8520,公园中路(人民路-河南路),9.0,57.0,2012-11-14  14:18:32 
8521,公园中路(人民路-河南路),10.0,61.0,2012-11-14  14:17:32 
8522,公园中路(人民路-河南路),10.0,63.0,2012-11-14  14:16:32 
8523,公园中路(人民路-河南路),6.0,56.0,2012-11-14  14:15:32 
8524,公园中路(人民路-河南路),7.0,56.0,2012-11-14  14:14:33 
8525,公园中路(人民路-河南路),4.0,37.0,2012-11-14  14:11:32 
8526,公园中路(人民路-河南路),11.0,52.0,2012-11-14  14:10:33 
8527,公园中路(人民路-河南路),6.0,48.0,2012-11-14  14:09:31 
8528,公园中路(人民路-河南路),3.0,44.0,2012-11-14  14:08:31 
8529,公园中路(人民路-河南路),12.0,56.0,2012-11-14  14:07:31 
8530,公园中路(人民路-河南路),7.0,45.0,2012-11-14  14:06:31 
8531,公园中路(人民路-河南路),9.0,55.0,2012-11-14  14:05:29 
8532,公园中路(人民路-河南路),14.0,51.0,2012-11-14  13:58:29 
8533,公园中路(人民路-河南路),7.0,58.0,2012-11-14  13:57:30 
8534,公园中路(人民路-河南路),6.0,62.0,2012-11-14  13:56:31 
8535,公园中路(人民路-河南路),2.0,18.0,2012-11-14  13:55:30 
8536,公园中路(人民路-河南路),10.0,38.0,2012-11-14  13:54:30 
8537,公园中路(人民路-河南路),2.0,20.0,2012-11-14  13:53:30 
8538,公园中路(人民路-河南路),7.0,24.0,2012-11-14  13:52:30 
8539,公园中路(人民路-河南路),6.0,31.0,2012-11-14  13:51:30 
8540,公园中路(人民路-河南路),8.0,28.0,2012-11-14  13:50:30 
8541,公园中路(人民路-河南路),9.0,20.0,2012-11-14  13:49:30 
8542,公园中路(人民路-河南路),9.0,23.0,2012-11-14  13:48:30 
8543,公园中路(人民路-河南路),4.0,31.0,2012-11-14  13:47:30 
8544,公园中路(人民路-河南路),7.0,27.0,2012-11-14  13:46:29 
8545,公园中路(人民路-河南路),9.0,23.0,2012-11-14  13:45:29 
8546,公园中路(人民路-河南路),4.0,20.0,2012-11-14  13:44:29 
8547,公园中路(人民路-河南路),5.0,26.0,2012-11-14  13:43:29 
8548,公园中路(人民路-河南路),6.0,28.0,2012-11-14  13:42:29 
8549,公园中路(人民路-河南路),14.0,35.0,2012-11-14  13:41:29 
8550,公园中路(人民路-河南路),9.0,31.0,2012-11-14  13:40:29 
8551,公园中路(人民路-河南路),7.0,25.0,2012-11-14  13:39:29 
8552,公园中路(人民路-河南路),7.0,24.0,2012-11-14  13:38:29 
8553,公园中路(人民路-河南路),11.0,25.0,2012-11-14  13:37:29 
8554,公园中路(人民路-河南路),10.0,28.0,2012-11-14  13:36:28 
8555,公园中路(人民路-河南路),5.0,22.0,2012-11-14  13:35:29 
8556,公园中路(人民路-河南路),9.0,22.0,2012-11-14  13:34:29 
8557,公园中路(人民路-河南路),8.0,22.0,2012-11-14  13:33:28 
8558,公园中路(人民路-河南路),11.0,30.0,2012-11-14  13:32:28 
8559,公园中路(人民路-河南路),4.0,41.0,2012-11-14  13:31:28 
8560,公园中路(人民路-河南路),4.0,31.0,2012-11-14  13:30:29 
8561,公园中路(人民路-河南路),9.0,51.0,2012-11-14  13:29:28 
8562,公园中路(人民路-河南路),9.0,30.0,2012-11-14  13:28:28 
8563,公园中路(人民路-河南路),6.0,31.0,2012-11-14  13:27:28 
8564,公园中路(人民路-河南路),5.0,54.0,2012-11-14  13:26:29 
8565,公园中路(人民路-河南路),9.0,44.0,2012-11-14  13:25:28 
8566,公园中路(人民路-河南路),11.0,35.0,2012-11-14  13:24:28 
8567,公园中路(人民路-河南路),6.0,36.0,2012-11-14  13:23:27 
8568,公园中路(人民路-河南路),7.0,23.0,2012-11-14  13:22:27 
8569,公园中路(人民路-河南路),9.0,40.0,2012-11-14  13:21:27 
8570,公园中路(人民路-河南路),6.0,48.0,2012-11-14  13:20:27 
8571,公园中路(人民路-河南路),14.0,58.0,2012-11-14  13:19:27 
8572,公园中路(人民路-河南路),7.0,66.0,2012-11-14  13:18:27 
8573,公园中路(人民路-河南路),12.0,61.0,2012-11-14  13:17:28 
8574,公园中路(人民路-河南路),10.0,63.0,2012-11-14  13:16:27 
8575,公园中路(人民路-河南路),9.0,46.0,2012-11-14  13:15:27 
8576,公园中路(人民路-河南路),11.0,58.0,2012-11-14  13:14:27 
8577,公园中路(人民路-河南路),11.0,57.0,2012-11-14  13:13:27 
8578,公园中路(人民路-河南路),11.0,53.0,2012-11-14  13:12:26 
8579,公园中路(人民路-河南路),4.0,47.0,2012-11-14  13:11:26 
8580,公园中路(人民路-河南路),9.0,59.0,2012-11-14  13:10:26 
8581,公园中路(人民路-河南路),8.0,56.0,2012-11-14  13:09:26 
8582,公园中路(人民路-河南路),16.0,56.0,2012-11-14  13:08:26 
8583,公园中路(人民路-河南路),8.0,46.0,2012-11-14  13:07:26 
8584,公园中路(人民路-河南路),12.0,45.0,2012-11-14  13:06:26 
8585,公园中路(人民路-河南路),5.0,67.0,2012-11-14  13:05:26 
8586,公园中路(人民路-河南路),16.0,54.0,2012-11-14  13:04:26 
8587,公园中路(人民路-河南路),11.0,60.0,2012-11-14  13:03:25 
8588,公园中路(人民路-河南路),13.0,50.0,2012-11-14  13:02:26 
8589,公园中路(人民路-河南路),9.0,54.0,2012-11-14  13:01:25 
8590,公园中路(人民路-河南路),6.0,49.0,2012-11-14  13:00:25 
8591,公园中路(人民路-河南路),15.0,61.0,2012-11-14  12:59:25 
8592,公园中路(人民路-河南路),10.0,44.0,2012-11-14  12:58:25 
8593,公园中路(人民路-河南路),7.0,61.0,2012-11-14  12:57:25 
8594,公园中路(人民路-河南路),3.0,33.0,2012-11-14  12:56:25 
8595,公园中路(人民路-河南路),12.0,66.0,2012-11-14  12:55:25 
8596,公园中路(人民路-河南路),10.0,56.0,2012-11-14  12:54:23 
8597,公园中路(人民路-河南路),18.0,61.0,2012-11-14  12:53:25 
8598,公园中路(人民路-河南路),3.0,20.0,2012-11-14  12:52:24 
8599,公园中路(人民路-河南路),12.0,44.0,2012-11-14  12:51:24 
8600,公园中路(人民路-河南路),7.0,60.0,2012-11-14  12:50:24 
8601,公园中路(人民路-河南路),10.0,57.0,2012-11-14  12:49:24 
8602,公园中路(人民路-河南路),16.0,73.0,2012-11-14  12:48:24 
8603,公园中路(人民路-河南路),5.0,45.0,2012-11-14  12:47:24 
8604,公园中路(人民路-河南路),11.0,60.0,2012-11-14  12:46:24 
8605,公园中路(人民路-河南路),6.0,48.0,2012-11-14  12:45:24 
8606,公园中路(人民路-河南路),6.0,58.0,2012-11-14  12:44:24 
8607,公园中路(人民路-河南路),9.0,52.0,2012-11-14  12:43:24 
8608,公园中路(人民路-河南路),13.0,50.0,2012-11-14  12:42:24 
8609,公园中路(人民路-河南路),7.0,81.0,2012-11-14  12:41:24 
8610,公园中路(人民路-河南路),13.0,63.0,2012-11-14  12:40:21 
8611,公园中路(人民路-河南路),7.0,59.0,2012-11-14  12:39:24 
8612,公园中路(人民路-河南路),10.0,45.0,2012-11-14  12:38:23 
8613,公园中路(人民路-河南路),7.0,71.0,2012-11-14  12:37:23 
8614,公园中路(人民路-河南路),8.0,49.0,2012-11-14  12:36:23 
8615,公园中路(人民路-河南路),13.0,70.0,2012-11-14  12:35:23 
8616,公园中路(人民路-河南路),8.0,55.0,2012-11-14  12:34:23 
8617,公园中路(人民路-河南路),12.0,47.0,2012-11-14  12:33:23 
8618,公园中路(人民路-河南路),4.0,50.0,2012-11-14  12:32:23 
8619,公园中路(人民路-河南路),8.0,66.0,2012-11-14  12:31:23 
8620,公园中路(人民路-河南路),6.0,69.0,2012-11-14  12:30:23 
8621,公园中路(人民路-河南路),9.0,50.0,2012-11-14  12:29:23 
8622,公园中路(人民路-河南路),4.0,46.0,2012-11-14  12:28:23 
8623,公园中路(人民路-河南路),9.0,61.0,2012-11-14  12:27:23 
8624,公园中路(人民路-河南路),8.0,42.0,2012-11-14  12:26:22 
8625,公园中路(人民路-河南路),2.0,18.0,2012-11-14  12:25:22 
8626,公园中路(人民路-河南路),2.0,66.0,2012-11-14  12:24:22 
8627,公园中路(人民路-河南路),11.0,46.0,2012-11-14  12:23:22 
8628,公园中路(人民路-河南路),10.0,60.0,2012-11-14  12:22:22 
8629,公园中路(人民路-河南路),7.0,99.0,2012-11-14  12:21:22 
8630,公园中路(人民路-河南路),23.0,49.0,2012-11-14  12:20:22 
8631,公园中路(人民路-河南路),5.0,61.0,2012-11-14  12:19:22 
8632,公园中路(人民路-河南路),13.0,46.0,2012-11-14  12:18:21 
8633,公园中路(人民路-河南路),10.0,57.0,2012-11-14  12:17:21 
8634,公园中路(人民路-河南路),10.0,46.0,2012-11-14  12:16:22 
8635,公园中路(人民路-河南路),5.0,81.0,2012-11-14  12:15:21 
8636,公园中路(人民路-河南路),6.0,64.0,2012-11-14  12:14:21 
8637,公园中路(人民路-河南路),9.0,68.0,2012-11-14  12:13:21 
8638,公园中路(人民路-河南路),,,2012-11-14  12:12:21 
8639,公园中路(人民路-河南路),9.0,53.0,2012-11-14  12:11:21 
8640,公园中路(人民路-河南路),6.0,43.0,2012-11-14  12:10:21 
8641,公园中路(人民路-河南路),13.0,54.0,2012-11-14  12:09:21 
8642,公园中路(人民路-河南路),6.0,76.0,2012-11-14  12:08:21 
8643,公园中路(人民路-河南路),9.0,29.0,2012-11-14  12:07:19 
8644,公园中路(人民路-河南路),9.0,48.0,2012-11-14  12:06:20 
8645,公园中路(人民路-河南路),3.0,23.0,2012-11-14  12:05:21 
8646,公园中路(人民路-河南路),10.0,45.0,2012-11-14  12:04:20 
8647,公园中路(人民路-河南路),11.0,44.0,2012-11-14  12:03:20 
8648,公园中路(人民路-河南路),6.0,54.0,2012-11-14  12:02:20 
8649,公园中路(人民路-河南路),13.0,46.0,2012-11-14  12:01:20 
8650,公园中路(人民路-河南路),13.0,42.0,2012-11-14  12:00:20 
8651,公园中路(人民路-河南路),10.0,22.0,2012-11-14  11:59:20 
8652,公园中路(人民路-河南路),14.0,54.0,2012-11-14  11:58:20 
8653,公园中路(人民路-河南路),11.0,33.0,2012-11-14  11:57:20 
8654,公园中路(人民路-河南路),15.0,47.0,2012-11-14  11:56:20 
8655,公园中路(人民路-河南路),5.0,39.0,2012-11-14  11:55:20 
8656,公园中路(人民路-河南路),7.0,60.0,2012-11-14  11:54:19 
8657,公园中路(人民路-河南路),4.0,54.0,2012-11-14  11:53:19 
8658,公园中路(人民路-河南路),9.0,55.0,2012-11-14  11:52:19 
8659,公园中路(人民路-河南路),11.0,55.0,2012-11-14  11:51:19 
8660,公园中路(人民路-河南路),4.0,35.0,2012-11-14  11:50:20 
8661,公园中路(人民路-河南路),11.0,36.0,2012-11-14  11:49:19 
8662,公园中路(人民路-河南路),16.0,51.0,2012-11-14  11:48:19 
8663,公园中路(人民路-河南路),12.0,65.0,2012-11-14  11:47:19 
8664,公园中路(人民路-河南路),8.0,48.0,2012-11-14  11:46:19 
8665,公园中路(人民路-河南路),16.0,50.0,2012-11-14  11:45:19 
8666,公园中路(人民路-河南路),10.0,28.0,2012-11-14  11:44:19 
8667,公园中路(人民路-河南路),9.0,30.0,2012-11-14  11:43:18 
8668,公园中路(人民路-河南路),9.0,65.0,2012-11-14  11:42:19 
8669,公园中路(人民路-河南路),9.0,23.0,2012-11-14  11:41:16 
8670,公园中路(人民路-河南路),8.0,49.0,2012-11-14  11:40:18 
8671,公园中路(人民路-河南路),16.0,60.0,2012-11-14  11:39:18 
8672,公园中路(人民路-河南路),14.0,61.0,2012-11-14  11:38:18 
8673,公园中路(人民路-河南路),4.0,38.0,2012-11-14  11:37:18 
8674,公园中路(人民路-河南路),18.0,55.0,2012-11-14  11:36:18 
8675,公园中路(人民路-河南路),5.0,63.0,2012-11-14  11:35:18 
8676,公园中路(人民路-河南路),12.0,51.0,2012-11-14  11:34:18 
8677,公园中路(人民路-河南路),14.0,49.0,2012-11-14  11:33:16 
8678,公园中路(人民路-河南路),10.0,65.0,2012-11-14  11:25:17 
8679,公园中路(人民路-河南路),11.0,48.0,2012-11-14  11:24:17 
8680,公园中路(人民路-河南路),15.0,43.0,2012-11-14  11:23:15 
8681,公园中路(人民路-河南路),8.0,65.0,2012-11-14  11:22:17 
8682,公园中路(人民路-河南路),16.0,58.0,2012-11-14  11:21:17 
8683,公园中路(人民路-河南路),4.0,41.0,2012-11-14  11:20:17 
8684,公园中路(人民路-河南路),15.0,53.0,2012-11-14  11:19:17 
8685,公园中路(人民路-河南路),8.0,64.0,2012-11-14  11:18:16 
8686,公园中路(人民路-河南路),10.0,43.0,2012-11-14  11:17:16 
8687,公园中路(人民路-河南路),12.0,49.0,2012-11-14  11:16:16 
8688,公园中路(人民路-河南路),6.0,43.0,2012-11-14  11:15:16 
8689,公园中路(人民路-河南路),12.0,43.0,2012-11-14  11:14:16 
8690,公园中路(人民路-河南路),3.0,59.0,2012-11-14  11:13:16 
8691,公园中路(人民路-河南路),9.0,80.0,2012-11-14  11:12:16 
8692,公园中路(人民路-河南路),4.0,67.0,2012-11-14  11:11:17 
8693,公园中路(人民路-河南路),9.0,79.0,2012-11-14  11:10:16 
8694,公园中路(人民路-河南路),6.0,77.0,2012-11-14  11:09:15 
8695,公园中路(人民路-河南路),9.0,26.0,2012-11-14  11:08:15 
8696,公园中路(人民路-河南路),12.0,60.0,2012-11-14  11:07:15 
8697,公园中路(人民路-河南路),9.0,66.0,2012-11-14  11:06:15 
8698,公园中路(人民路-河南路),9.0,68.0,2012-11-14  11:05:16 
8699,公园中路(人民路-河南路),10.0,59.0,2012-11-14  11:04:15 
8700,公园中路(人民路-河南路),8.0,61.0,2012-11-14  11:03:16 
8701,公园中路(人民路-河南路),7.0,60.0,2012-11-14  11:02:15 
8702,公园中路(人民路-河南路),11.0,57.0,2012-11-14  11:01:15 
8703,公园中路(人民路-河南路),9.0,58.0,2012-11-14  11:00:14 
8704,公园中路(人民路-河南路),9.0,38.0,2012-11-14  10:59:15 
8705,公园中路(人民路-河南路),6.0,65.0,2012-11-14  10:58:15 
8706,公园中路(人民路-河南路),10.0,52.0,2012-11-14  10:57:14 
8707,公园中路(人民路-河南路),6.0,73.0,2012-11-14  10:56:14 
8708,公园中路(人民路-河南路),15.0,80.0,2012-11-14  10:55:14 
8709,公园中路(人民路-河南路),9.0,60.0,2012-11-14  10:54:15 
8710,公园中路(人民路-河南路),5.0,50.0,2012-11-14  10:53:14 
8711,公园中路(人民路-河南路),10.0,32.0,2012-11-14  10:52:14 
8712,公园中路(人民路-河南路),11.0,50.0,2012-11-14  10:51:14 
8713,公园中路(人民路-河南路),11.0,57.0,2012-11-14  10:50:14 
8714,公园中路(人民路-河南路),2.0,77.0,2012-11-14  10:49:14 
8715,公园中路(人民路-河南路),11.0,46.0,2012-11-14  10:48:13 
8716,公园中路(人民路-河南路),5.0,56.0,2012-11-14  10:47:14 
8717,公园中路(人民路-河南路),5.0,35.0,2012-11-14  10:46:13 
8718,公园中路(人民路-河南路),5.0,66.0,2012-11-14  10:45:13 
8719,公园中路(人民路-河南路),8.0,43.0,2012-11-14  10:44:13 
8720,公园中路(人民路-河南路),7.0,64.0,2012-11-14  10:43:11 
8721,公园中路(人民路-河南路),8.0,44.0,2012-11-14  10:42:13 
8722,公园中路(人民路-河南路),9.0,49.0,2012-11-14  10:41:11 
8723,公园中路(人民路-河南路),3.0,46.0,2012-11-14  10:40:13 
8724,公园中路(人民路-河南路),15.0,51.0,2012-11-14  10:39:13 
8725,公园中路(人民路-河南路),10.0,63.0,2012-11-14  10:38:13 
8726,公园中路(人民路-河南路),14.0,54.0,2012-11-14  10:37:13 
8727,公园中路(人民路-河南路),6.0,35.0,2012-11-14  10:36:13 
8728,公园中路(人民路-河南路),10.0,59.0,2012-11-14  10:35:12 
8729,公园中路(人民路-河南路),10.0,59.0,2012-11-14  10:34:12 
8730,公园中路(人民路-河南路),4.0,35.0,2012-11-14  10:33:12 
8731,公园中路(人民路-河南路),11.0,57.0,2012-11-14  10:32:13 
8732,公园中路(人民路-河南路),1.0,31.0,2012-11-14  10:31:12 
8733,公园中路(人民路-河南路),11.0,48.0,2012-11-14  10:30:12 
8734,公园中路(人民路-河南路),7.0,46.0,2012-11-14  10:29:12 
8735,公园中路(人民路-河南路),13.0,59.0,2012-11-14  10:28:12 
8736,公园中路(人民路-河南路),4.0,28.0,2012-11-14  10:27:12 
8737,公园中路(人民路-河南路),11.0,51.0,2012-11-14  10:26:12 
8738,公园中路(人民路-河南路),8.0,50.0,2012-11-14  10:25:12 
8739,公园中路(人民路-河南路),12.0,56.0,2012-11-14  10:24:11 
8740,公园中路(人民路-河南路),10.0,52.0,2012-11-14  10:23:11 
8741,公园中路(人民路-河南路),9.0,40.0,2012-11-14  10:22:11 
8742,公园中路(人民路-河南路),6.0,58.0,2012-11-14  10:21:11 
8743,公园中路(人民路-河南路),7.0,57.0,2012-11-14  10:20:11 
8744,公园中路(人民路-河南路),11.0,59.0,2012-11-14  10:19:11 
8745,公园中路(人民路-河南路),11.0,62.0,2012-11-14  10:18:11 
8746,公园中路(人民路-河南路),4.0,83.0,2012-11-14  10:17:11 
8747,公园中路(人民路-河南路),6.0,75.0,2012-11-14  10:16:11 
8748,公园中路(人民路-河南路),10.0,47.0,2012-11-14  10:15:11 
8749,公园中路(人民路-河南路),8.0,61.0,2012-11-14  10:14:10 
8750,公园中路(人民路-河南路),14.0,51.0,2012-11-14  10:13:10 
8751,公园中路(人民路-河南路),5.0,56.0,2012-11-14  10:12:10 
8752,公园中路(人民路-河南路),7.0,34.0,2012-11-14  10:11:10 
8753,公园中路(人民路-河南路),10.0,65.0,2012-11-14  10:10:10 
8754,公园中路(人民路-河南路),9.0,61.0,2012-11-14  10:09:10 
8755,公园中路(人民路-河南路),5.0,61.0,2012-11-14  10:08:10 
8756,公园中路(人民路-河南路),8.0,65.0,2012-11-14  10:07:10 
8757,公园中路(人民路-河南路),12.0,48.0,2012-11-14  10:06:08 
8758,公园中路(人民路-河南路),2.0,56.0,2012-11-14  10:05:10 
8759,公园中路(人民路-河南路),8.0,60.0,2012-11-14  10:04:10 
8760,公园中路(人民路-河南路),6.0,35.0,2012-11-14  10:03:10 
8761,公园中路(人民路-河南路),11.0,61.0,2012-11-14  10:02:09 
8762,公园中路(人民路-河南路),5.0,30.0,2012-11-14  10:01:09 
8763,公园中路(人民路-河南路),7.0,65.0,2012-11-14  10:00:09 
9219,公园中路(人民路-河南路),4.0,85.0,2012-11-14  1:59:27 
9220,公园中路(人民路-河南路),1.0,45.0,2012-11-14  1:58:27 
9221,公园中路(人民路-河南路),,,2012-11-14  1:57:27 
9222,公园中路(人民路-河南路),1.0,44.0,2012-11-14  1:56:27 
9223,公园中路(人民路-河南路),2.0,103.0,2012-11-14  1:55:26 
9224,公园中路(人民路-河南路),1.0,36.0,2012-11-14  1:54:26 
9225,公园中路(人民路-河南路),2.0,39.0,2012-11-14  1:53:26 
9226,公园中路(人民路-河南路),2.0,92.0,2012-11-14  1:52:26 
9227,公园中路(人民路-河南路),4.0,87.0,2012-11-14  1:51:26 
9228,公园中路(人民路-河南路),,,2012-11-14  1:50:26 
9229,公园中路(人民路-河南路),1.0,32.0,2012-11-14  1:49:26 
9230,公园中路(人民路-河南路),4.0,65.0,2012-11-14  1:48:26 
9231,公园中路(人民路-河南路),,,2012-11-14  1:47:26 
9232,公园中路(人民路-河南路),1.0,35.0,2012-11-14  1:46:26 
9233,公园中路(人民路-河南路),3.0,25.0,2012-11-14  1:45:25 
9234,公园中路(人民路-河南路),4.0,54.0,2012-11-14  1:44:25 
9235,公园中路(人民路-河南路),1.0,21.0,2012-11-14  1:43:25 
9236,公园中路(人民路-河南路),2.0,32.0,2012-11-14  1:42:25 
9237,公园中路(人民路-河南路),1.0,37.0,2012-11-14  1:41:25 
9238,公园中路(人民路-河南路),1.0,60.0,2012-11-14  1:40:25 
9239,公园中路(人民路-河南路),1.0,52.0,2012-11-14  1:39:25 
9240,公园中路(人民路-河南路),,,2012-11-14  1:38:25 
9241,公园中路(人民路-河南路),3.0,36.0,2012-11-14  1:37:25 
9242,公园中路(人民路-河南路),1.0,26.0,2012-11-14  1:36:23 
9243,公园中路(人民路-河南路),2.0,38.0,2012-11-14  1:35:25 
9244,公园中路(人民路-河南路),2.0,40.0,2012-11-14  1:34:25 
9245,公园中路(人民路-河南路),2.0,37.0,2012-11-14  1:33:26 
9246,公园中路(人民路-河南路),1.0,29.0,2012-11-14  1:32:24 
9247,公园中路(人民路-河南路),3.0,32.0,2012-11-14  1:31:24 
9248,公园中路(人民路-河南路),,,2012-11-14  1:30:24 
9249,公园中路(人民路-河南路),2.0,28.0,2012-11-14  1:29:24 
9250,公园中路(人民路-河南路),,,2012-11-14  1:28:24 
9251,公园中路(人民路-河南路),1.0,33.0,2012-11-14  1:27:24 
9252,公园中路(人民路-河南路),4.0,32.0,2012-11-14  1:26:24 
9253,公园中路(人民路-河南路),1.0,36.0,2012-11-14  1:25:24 
9254,公园中路(人民路-河南路),,,2012-11-14  1:24:24 
9255,公园中路(人民路-河南路),2.0,34.0,2012-11-14  1:23:24 
9256,公园中路(人民路-河南路),3.0,42.0,2012-11-14  1:22:21 
9257,公园中路(人民路-河南路),3.0,53.0,2012-11-14  1:21:21 
9258,公园中路(人民路-河南路),,,2012-11-14  1:20:23 
9259,公园中路(人民路-河南路),3.0,32.0,2012-11-14  1:19:23 
9260,公园中路(人民路-河南路),4.0,34.0,2012-11-14  1:18:23 
9261,公园中路(人民路-河南路),2.0,101.0,2012-11-14  1:17:23 
9262,公园中路(人民路-河南路),2.0,13.0,2012-11-14  1:16:23 
9263,公园中路(人民路-河南路),1.0,35.0,2012-11-14  1:15:23 
9264,公园中路(人民路-河南路),1.0,60.0,2012-11-14  1:14:23 
9265,公园中路(人民路-河南路),2.0,29.0,2012-11-14  1:13:23 
9266,公园中路(人民路-河南路),1.0,39.0,2012-11-14  1:12:23 
9267,公园中路(人民路-河南路),3.0,54.0,2012-11-14  1:11:20 
9268,公园中路(人民路-河南路),2.0,59.0,2012-11-14  1:09:20 
9269,公园中路(人民路-河南路),1.0,47.0,2012-11-14  1:08:22 
9270,公园中路(人民路-河南路),3.0,33.0,2012-11-14  1:07:22 
9271,公园中路(人民路-河南路),3.0,41.0,2012-11-14  1:06:22 
9272,公园中路(人民路-河南路),2.0,30.0,2012-11-14  1:05:22 
9273,公园中路(人民路-河南路),,,2012-11-14  1:04:22 
9274,公园中路(人民路-河南路),3.0,49.0,2012-11-14  1:03:22 
9275,公园中路(人民路-河南路),2.0,32.0,2012-11-14  1:02:22 
9276,公园中路(人民路-河南路),4.0,39.0,2012-11-14  1:01:22 
9277,公园中路(人民路-河南路),,,2012-11-14  1:00:22 
9278,公园中路(人民路-河南路),3.0,22.0,2012-11-14  0:59:22 
9279,公园中路(人民路-河南路),3.0,29.0,2012-11-14  0:58:22 
9280,公园中路(人民路-河南路),,,2012-11-14  0:57:21 
9281,公园中路(人民路-河南路),1.0,67.0,2012-11-14  0:56:21 
9282,公园中路(人民路-河南路),1.0,24.0,2012-11-14  0:55:21 
9283,公园中路(人民路-河南路),5.0,42.0,2012-11-14  0:54:21 
9284,公园中路(人民路-河南路),3.0,41.0,2012-11-14  0:53:21 
9285,公园中路(人民路-河南路),1.0,29.0,2012-11-14  0:52:21 
9286,公园中路(人民路-河南路),1.0,32.0,2012-11-14  0:51:21 
9287,公园中路(人民路-河南路),1.0,37.0,2012-11-14  0:50:21 
9288,公园中路(人民路-河南路),,,2012-11-14  0:49:20 
9289,公园中路(人民路-河南路),2.0,39.0,2012-11-14  0:48:20 
9290,公园中路(人民路-河南路),3.0,47.0,2012-11-14  0:47:20 
9291,公园中路(人民路-河南路),2.0,28.0,2012-11-14  0:46:20 
9292,公园中路(人民路-河南路),5.0,44.0,2012-11-14  0:45:20 
9293,公园中路(人民路-河南路),2.0,31.0,2012-11-14  0:44:20 
9294,公园中路(人民路-河南路),4.0,20.0,2012-11-14  0:43:20 
9295,公园中路(人民路-河南路),3.0,43.0,2012-11-14  0:42:20 
9296,公园中路(人民路-河南路),,,2012-11-14  0:41:20 
9297,公园中路(人民路-河南路),2.0,28.0,2012-11-14  0:40:20 
9298,公园中路(人民路-河南路),4.0,43.0,2012-11-14  0:39:20 
9299,公园中路(人民路-河南路),3.0,34.0,2012-11-14  0:38:18 
9300,公园中路(人民路-河南路),2.0,52.0,2012-11-14  0:37:20 
9301,公园中路(人民路-河南路),1.0,24.0,2012-11-14  0:36:19 
9302,公园中路(人民路-河南路),3.0,32.0,2012-11-14  0:35:19 
9303,公园中路(人民路-河南路),3.0,43.0,2012-11-14  0:34:19 
9304,公园中路(人民路-河南路),1.0,34.0,2012-11-14  0:33:19 
9305,公园中路(人民路-河南路),3.0,49.0,2012-11-14  0:32:19 
9306,公园中路(人民路-河南路),3.0,34.0,2012-11-14  0:31:19 
9307,公园中路(人民路-河南路),3.0,53.0,2012-11-14  0:30:19 
9308,公园中路(人民路-河南路),1.0,33.0,2012-11-14  0:29:19 
9309,公园中路(人民路-河南路),1.0,17.0,2012-11-14  0:28:19 
9310,公园中路(人民路-河南路),5.0,34.0,2012-11-14  0:27:19 
9311,公园中路(人民路-河南路),2.0,56.0,2012-11-14  0:26:18 
9312,公园中路(人民路-河南路),,,2012-11-14  0:25:19 
9313,公园中路(人民路-河南路),1.0,28.0,2012-11-14  0:24:18 
9314,公园中路(人民路-河南路),3.0,30.0,2012-11-14  0:23:18 
9315,公园中路(人民路-河南路),6.0,34.0,2012-11-14  0:22:18 
9316,公园中路(人民路-河南路),2.0,24.0,2012-11-14  0:21:18 
9317,公园中路(人民路-河南路),2.0,39.0,2012-11-14  0:20:18 
9318,公园中路(人民路-河南路),2.0,46.0,2012-11-14  0:19:18 
9319,公园中路(人民路-河南路),2.0,25.0,2012-11-14  0:18:18 
9320,公园中路(人民路-河南路),3.0,40.0,2012-11-14  0:17:18 
9321,公园中路(人民路-河南路),5.0,34.0,2012-11-14  0:16:18 
9322,公园中路(人民路-河南路),3.0,34.0,2012-11-14  0:15:18 
9323,公园中路(人民路-河南路),2.0,34.0,2012-11-14  0:14:17 
9324,公园中路(人民路-河南路),1.0,61.0,2012-11-14  0:13:17 
9325,公园中路(人民路-河南路),1.0,118.0,2012-11-14  0:12:17 
9326,公园中路(人民路-河南路),2.0,30.0,2012-11-14  0:11:15 
9327,公园中路(人民路-河南路),3.0,35.0,2012-11-14  0:10:17 
9328,公园中路(人民路-河南路),3.0,27.0,2012-11-14  0:09:17 
9329,公园中路(人民路-河南路),7.0,32.0,2012-11-14  0:08:17 
9330,公园中路(人民路-河南路),3.0,43.0,2012-11-14  0:07:17 
9331,公园中路(人民路-河南路),,,2012-11-14  0:06:17 
9332,公园中路(人民路-河南路),3.0,16.0,2012-11-14  0:05:17 
9333,公园中路(人民路-河南路),6.0,36.0,2012-11-14  0:04:17 
9334,公园中路(人民路-河南路),5.0,31.0,2012-11-14  0:03:16 
9335,公园中路(人民路-河南路),1.0,30.0,2012-11-14  0:02:16 
9336,公园中路(人民路-河南路),1.0,41.0,2012-11-14  0:01:16 
9337,公园中路(人民路-河南路),5.0,28.0,2012-11-14  0:00:16 
